Initial Investment = INR 4400000 , Rate/Month=10.00
TIME, Final_Amount(INR),tax (INR), Zakaat(INR)
0 years 1 months,47.49 LAKHS,88.00 THOUSANDS,0.00
0 years 2 months,51.26 LAKHS,94.98 THOUSANDS,0.00
0 years 3 months,55.33 LAKHS,102.52 THOUSANDS,0.00
0 years 4 months,59.73 LAKHS,110.66 THOUSANDS,0.00
0 years 5 months,64.47 LAKHS,119.45 THOUSANDS,0.00
0 years 6 months,69.60 LAKHS,128.95 THOUSANDS,0.00
0 years 7 months,75.14 LAKHS,139.20 THOUSANDS,0.00
0 years 8 months,81.12 LAKHS,150.28 THOUSANDS,0.00
0 years 9 months,87.58 LAKHS,162.24 THOUSANDS,0.00
0 years 10 months,94.56 LAKHS,175.16 THOUSANDS,0.00
0 years 11 months,1.02 CRORE,1.89 LAKHS,0.00
1 years 0 months,1.07 CRORE,2.04 LAKHS,275575.43
1 years 1 months,1.19 CRORE,2.20 LAKHS,0.00
1 years 2 months,1.29 CRORE,2.38 LAKHS,0.00
1 years 3 months,1.39 CRORE,2.57 LAKHS,0.00
1 years 4 months,1.50 CRORE,2.78 LAKHS,0.00
1 years 5 months,1.62 CRORE,3.00 LAKHS,0.00
1 years 6 months,1.75 CRORE,3.24 LAKHS,0.00
1 years 7 months,1.89 CRORE,3.49 LAKHS,0.00
1 years 8 months,2.04 CRORE,3.77 LAKHS,0.00
1 years 9 months,2.20 CRORE,4.07 LAKHS,0.00
1 years 10 months,2.38 CRORE,4.40 LAKHS,0.00
1 years 11 months,2.57 CRORE,4.75 LAKHS,0.00
2 years 0 months,2.70 CRORE,5.13 LAKHS,692522.52
2 years 1 months,2.99 CRORE,5.54 LAKHS,0.00
2 years 2 months,3.23 CRORE,5.98 LAKHS,0.00
2 years 3 months,3.49 CRORE,6.46 LAKHS,0.00
2 years 4 months,3.77 CRORE,6.98 LAKHS,0.00
2 years 5 months,4.07 CRORE,7.53 LAKHS,0.00
2 years 6 months,4.39 CRORE,8.14 LAKHS,0.00
2 years 7 months,4.74 CRORE,8.79 LAKHS,0.00
2 years 8 months,5.12 CRORE,9.49 LAKHS,0.00
2 years 9 months,5.53 CRORE,10.25 LAKHS,0.00
2 years 10 months,5.98 CRORE,11.07 LAKHS,0.00
2 years 11 months,6.45 CRORE,11.95 LAKHS,0.00
3 years 0 months,6.80 CRORE,12.91 LAKHS,1742466.24
3 years 1 months,7.53 CRORE,13.94 LAKHS,0.00
3 years 2 months,8.13 CRORE,15.05 LAKHS,0.00
3 years 3 months,8.78 CRORE,16.26 LAKHS,0.00
3 years 4 months,9.48 CRORE,17.56 LAKHS,0.00
3 years 5 months,10.24 CRORE,18.96 LAKHS,0.00
3 years 6 months,11.06 CRORE,20.48 LAKHS,0.00
3 years 7 months,11.94 CRORE,22.12 LAKHS,0.00
3 years 8 months,12.90 CRORE,23.88 LAKHS,0.00
3 years 9 months,13.93 CRORE,25.80 LAKHS,0.00
3 years 10 months,15.04 CRORE,27.86 LAKHS,0.00
3 years 11 months,16.25 CRORE,30.09 LAKHS,0.00
4 years 0 months,17.11 CRORE,32.49 LAKHS,4386403.13
4 years 1 months,18.95 CRORE,35.09 LAKHS,0.00
4 years 2 months,20.46 CRORE,37.90 LAKHS,0.00
4 years 3 months,22.10 CRORE,40.93 LAKHS,0.00
4 years 4 months,23.87 CRORE,44.20 LAKHS,0.00
4 years 5 months,25.78 CRORE,47.74 LAKHS,0.00
4 years 6 months,27.84 CRORE,51.56 LAKHS,0.00
4 years 7 months,30.07 CRORE,55.68 LAKHS,0.00
4 years 8 months,32.47 CRORE,60.13 LAKHS,0.00
4 years 9 months,35.07 CRORE,64.95 LAKHS,0.00
4 years 10 months,37.88 CRORE,70.14 LAKHS,0.00
4 years 11 months,40.91 CRORE,75.75 LAKHS,0.00
5 years 0 months,43.07 CRORE,81.81 LAKHS,11044286.01
5 years 1 months,47.71 CRORE,88.35 LAKHS,0.00
5 years 2 months,51.53 CRORE,95.42 LAKHS,0.00
5 years 3 months,55.65 CRORE,103.06 LAKHS,0.00
5 years 4 months,60.10 CRORE,111.30 LAKHS,0.00
5 years 5 months,64.91 CRORE,120.20 LAKHS,0.00
5 years 6 months,70.10 CRORE,129.82 LAKHS,0.00
5 years 7 months,75.71 CRORE,140.20 LAKHS,0.00
5 years 8 months,81.77 CRORE,151.42 LAKHS,0.00
5 years 9 months,88.31 CRORE,163.53 LAKHS,0.00
5 years 10 months,95.37 CRORE,176.61 LAKHS,0.00
5 years 11 months,103.00 CRORE,190.74 LAKHS,0.00
6 years 0 months,108.46 CRORE,206.00 LAKHS,27809967.70
6 years 1 months,120.14 CRORE,222.48 LAKHS,0.00
6 years 2 months,129.75 CRORE,240.28 LAKHS,0.00
6 years 3 months,140.13 CRORE,259.50 LAKHS,0.00
6 years 4 months,151.34 CRORE,280.26 LAKHS,0.00
6 years 5 months,163.45 CRORE,302.68 LAKHS,0.00
6 years 6 months,176.52 CRORE,326.89 LAKHS,0.00
6 years 7 months,190.64 CRORE,353.04 LAKHS,0.00
6 years 8 months,205.89 CRORE,381.29 LAKHS,0.00
6 years 9 months,222.37 CRORE,411.79 LAKHS,0.00
6 years 10 months,240.15 CRORE,444.73 LAKHS,0.00
6 years 11 months,259.37 CRORE,480.31 LAKHS,0.00
7 years 0 months,273.11 CRORE,518.73 LAKHS,70028806.32
7 years 1 months,302.52 CRORE,560.23 LAKHS,0.00
7 years 2 months,326.73 CRORE,605.05 LAKHS,0.00
7 years 3 months,352.86 CRORE,653.45 LAKHS,0.00
7 years 4 months,381.09 CRORE,705.73 LAKHS,0.00
7 years 5 months,411.58 CRORE,762.18 LAKHS,0.00
7 years 6 months,444.51 CRORE,823.16 LAKHS,0.00
7 years 7 months,480.07 CRORE,889.01 LAKHS,0.00
7 years 8 months,518.47 CRORE,960.13 LAKHS,0.00
7 years 9 months,559.95 CRORE,1036.94 LAKHS,0.00
7 years 10 months,604.74 CRORE,1119.90 LAKHS,0.00
7 years 11 months,653.12 CRORE,1209.49 LAKHS,0.00
8 years 0 months,687.74 CRORE,1306.25 LAKHS,176343024.11
8 years 1 months,761.80 CRORE,1410.74 LAKHS,0.00
8 years 2 months,822.75 CRORE,1523.60 LAKHS,0.00
8 years 3 months,888.56 CRORE,1645.49 LAKHS,0.00
8 years 4 months,959.65 CRORE,1777.13 LAKHS,0.00
8 years 5 months,1036.42 CRORE,1919.30 LAKHS,0.00
8 years 6 months,1119.33 CRORE,2072.84 LAKHS,0.00
8 years 7 months,1208.88 CRORE,2238.67 LAKHS,0.00
8 years 8 months,1305.59 CRORE,2417.76 LAKHS,0.00
8 years 9 months,1410.04 CRORE,2611.18 LAKHS,0.00
8 years 10 months,1522.84 CRORE,2820.08 LAKHS,0.00
8 years 11 months,1644.67 CRORE,3045.68 LAKHS,0.00
9 years 0 months,1731.84 CRORE,3289.34 LAKHS,444060310.35
9 years 1 months,1918.34 CRORE,3552.48 LAKHS,0.00
9 years 2 months,2071.81 CRORE,3836.68 LAKHS,0.00
9 years 3 months,2237.55 CRORE,4143.61 LAKHS,0.00
9 years 4 months,2416.56 CRORE,4475.10 LAKHS,0.00
9 years 5 months,2609.88 CRORE,4833.11 LAKHS,0.00
9 years 6 months,2818.67 CRORE,5219.76 LAKHS,0.00
9 years 7 months,3044.16 CRORE,5637.34 LAKHS,0.00
9 years 8 months,3287.70 CRORE,6088.33 LAKHS,0.00
9 years 9 months,3550.71 CRORE,6575.39 LAKHS,0.00
9 years 10 months,3834.77 CRORE,7101.42 LAKHS,0.00
9 years 11 months,4141.55 CRORE,7669.53 LAKHS,0.00
10 years 0 months,4361.05 CRORE,8283.10 LAKHS,1118217980.29
10 years 1 months,4830.70 CRORE,8945.74 LAKHS,0.00
10 years 2 months,5217.16 CRORE,9661.40 LAKHS,0.00
10 years 3 months,5634.53 CRORE,10434.31 LAKHS,0.00
10 years 4 months,6085.29 CRORE,11269.06 LAKHS,0.00
10 years 5 months,6572.11 CRORE,12170.58 LAKHS,0.00
10 years 6 months,7097.88 CRORE,13144.23 LAKHS,0.00
10 years 7 months,7665.71 CRORE,14195.77 LAKHS,0.00
10 years 8 months,8278.97 CRORE,15331.43 LAKHS,0.00
10 years 9 months,8941.29 CRORE,16557.94 LAKHS,0.00
10 years 10 months,9656.59 CRORE,17882.58 LAKHS,0.00
10 years 11 months,10429.12 CRORE,19313.18 LAKHS,0.00
11 years 0 months,10981.86 CRORE,20858.24 LAKHS,2815861678.78
11 years 1 months,12164.52 CRORE,22526.89 LAKHS,0.00
11 years 2 months,13137.68 CRORE,24329.04 LAKHS,0.00
11 years 3 months,14188.70 CRORE,26275.37 LAKHS,0.00
11 years 4 months,15323.79 CRORE,28377.40 LAKHS,0.00
11 years 5 months,16549.70 CRORE,30647.59 LAKHS,0.00
11 years 6 months,17873.67 CRORE,33099.39 LAKHS,0.00
11 years 7 months,19303.57 CRORE,35747.34 LAKHS,0.00
11 years 8 months,20847.85 CRORE,38607.13 LAKHS,0.00
11 years 9 months,22515.68 CRORE,41695.70 LAKHS,0.00
11 years 10 months,24316.93 CRORE,45031.36 LAKHS,0.00
11 years 11 months,26262.29 CRORE,48633.86 LAKHS,0.00
12 years 0 months,27654.19 CRORE,52524.57 LAKHS,7090817309.31
12 years 1 months,30632.33 CRORE,56726.54 LAKHS,0.00
12 years 2 months,33082.92 CRORE,61264.66 LAKHS,0.00
12 years 3 months,35729.55 CRORE,66165.83 LAKHS,0.00
12 years 4 months,38587.91 CRORE,71459.10 LAKHS,0.00
12 years 5 months,41674.95 CRORE,77175.83 LAKHS,0.00
12 years 6 months,45008.94 CRORE,83349.89 LAKHS,0.00
12 years 7 months,48609.66 CRORE,90017.88 LAKHS,0.00
12 years 8 months,52498.43 CRORE,97219.31 LAKHS,0.00
12 years 9 months,56698.30 CRORE,104996.86 LAKHS,0.00
12 years 10 months,61234.17 CRORE,113396.61 LAKHS,0.00
12 years 11 months,66132.90 CRORE,122468.33 LAKHS,0.00
13 years 0 months,69637.94 CRORE,132265.80 LAKHS,17855882828.84
13 years 1 months,77137.41 CRORE,142847.06 LAKHS,0.00
13 years 2 months,83308.41 CRORE,154274.83 LAKHS,0.00
13 years 3 months,89973.08 CRORE,166616.81 LAKHS,0.00
13 years 4 months,97170.92 CRORE,179946.16 LAKHS,0.00
13 years 5 months,104944.60 CRORE,194341.85 LAKHS,0.00
13 years 6 months,113340.17 CRORE,209889.20 LAKHS,0.00
13 years 7 months,122407.38 CRORE,226680.33 LAKHS,0.00
13 years 8 months,132199.97 CRORE,244814.76 LAKHS,0.00
13 years 9 months,142775.97 CRORE,264399.94 LAKHS,0.00
13 years 10 months,154198.04 CRORE,285551.93 LAKHS,0.00
13 years 11 months,166533.89 CRORE,308396.09 LAKHS,0.00
14 years 0 months,175360.18 CRORE,333067.77 LAKHS,44964149125.71
14 years 1 months,194245.12 CRORE,359713.19 LAKHS,0.00
14 years 2 months,209784.73 CRORE,388490.25 LAKHS,0.00
14 years 3 months,226567.51 CRORE,419569.47 LAKHS,0.00
14 years 4 months,244692.91 CRORE,453135.02 LAKHS,0.00
14 years 5 months,264268.35 CRORE,489385.83 LAKHS,0.00
14 years 6 months,285409.81 CRORE,528536.69 LAKHS,0.00
14 years 7 months,308242.60 CRORE,570819.63 LAKHS,0.00
14 years 8 months,332902.00 CRORE,616485.19 LAKHS,0.00
14 years 9 months,359534.16 CRORE,665804.01 LAKHS,0.00
14 years 10 months,388296.90 CRORE,719068.33 LAKHS,0.00
14 years 11 months,419360.65 CRORE,776593.80 LAKHS,0.00
15 years 0 months,441586.76 CRORE,838721.30 LAKHS,113227375233.27
